metric	from	term	estimate	std.error	statistic	p.value	conf.low	conf.high	p.value.format	p.term
OS	HSCT	Early Relapse	2.2886969820787773	0.3353614043592301	2.4689264817017644	0.013551905747735217	1.186118697544577	4.416197035440157	0.014	HR = 2.29 (95% CI 1.19 - 4.42), P = 0.014
OS	HSCT	Primary Refractory	2.8946169392350827	0.3513993728496645	3.0246291437502077	0.002489381669894658	1.453715465693027	5.763718845016391	0.002	HR = 2.89 (95% CI 1.45 - 5.76), P = 0.002
PFS	HSCT	Early Relapse	2.626966573781484	0.3129736412527584	3.0859780480346224	0.002028838000128966	1.4224954971336776	4.851300685078175	0.002	HR = 2.63 (95% CI 1.42 - 4.85), P = 0.002
PFS	HSCT	Primary Refractory	3.3125141646298872	0.3286046005786769	3.6448286643239407	2.6756999837208265e-4	1.739598405462771	6.307634024276223	<0.001	HR = 3.31 (95% CI 1.74 - 6.31), P = <0.001
OS	Progression	Early Relapse	2.3406239384942187	0.2519078076491482	3.3759078058984553	7.357256839859092e-4	1.4285890856148615	3.8349168957106	0.001	HR = 2.34 (95% CI 1.43 - 3.83), P = 0.001
OS	Progression	Primary Refractory	3.828087151224908	0.24249308504059133	5.535684615025268	3.1001498739912814e-8	2.3799691536060066	6.157328222161984	<0.001	HR = 3.83 (95% CI 2.38 - 6.16), P = <0.001
PFS	Progression	Early Relapse	2.4805843230355333	0.2383099590486786	3.8122374330394573	1.377144902628114e-4	1.554906180393373	3.957343961507018	<0.001	HR = 2.48 (95% CI 1.55 - 3.96), P = <0.001
PFS	Progression	Primary Refractory	4.315800698951967	0.2317106324273799	6.310814716408826	2.775703441252819e-10	2.7404944893380057	6.796633142500359	<0.001	HR = 4.32 (95% CI 2.74 - 6.8), P = <0.001
