term	estimate	std.error	statistic	p.value	p.format
(Intercept)	0.6482195767164212	0.06618638488755765	9.793850771841743	1.065525494597248e-15	<0.0001
genome_coverage	0.005641614836179846	0.0012181258118617708	4.631389287742997	1.2633274908655326e-5	<0.0001
relapse_timingEarly Relapse	-0.04103966632668204	0.06030510827680689	-0.680533830373135	0.4979736502967874	0.5
relapse_timingLate Relapse	-0.01690408648530661	0.053315498057457514	-0.31705764929906993	0.7519594623790081	0.75
